{
    "26.27586_127.76293": {
        "center_point": [
            26.27586,
            127.76293
        ],
        "not_rotated_img_26.27586_127.76293.png": [
            [
                26.275584338339296,
                127.76088687447698
            ],
            [
                26.277695905575882,
                127.76320694540337
            ],
            [
                26.276135661005917,
                127.76497312552301
            ],
            [
                26.274024065380285,
                127.76265305459664
            ]
        ],
        "img_size(m)": [
            329.28830853749145,
            246.9899863212839
        ],
        "box_img_26.27586_127.76293.png": [
            [
                26.274024065380285,
                127.76088687447698
            ],
            [
                26.274024065380285,
                127.76497312552301
            ],
            [
                26.277695905575882,
                127.76497312552301
            ],
            [
                26.277695905575882,
                127.76088687447698
            ]
        ]
    },
    "26.27518_127.76226": {
        "center_point": [
            26.27518,
            127.76226
        ],
        "not_rotated_img_26.27518_127.76226.png": [
            [
                26.274904336724106,
                127.76021687447695
            ],
            [
                26.27701591633347,
                127.76253694540334
            ],
            [
                26.275455662621116,
                127.76430312552299
            ],
            [
                26.273344054623223,
                127.76198305459658
            ]
        ],
        "img_size(m)": [
            329.29021711258616,
            246.99141802696974
        ],
        "box_img_26.27518_127.76226.png": [
            [
                26.273344054623223,
                127.76021687447695
            ],
            [
                26.273344054623223,
                127.76430312552299
            ],
            [
                26.27701591633347,
                127.76430312552299
            ],
            [
                26.27701591633347,
                127.76021687447695
            ]
        ]
    },
    "26.27451_127.7616": {
        "center_point": [
            26.27451,
            127.7616
        ],
        "not_rotated_img_26.27451_127.7616.png": [
            [
                26.274234335132693,
                127.75955687447698
            ],
            [
                26.276345926932578,
                127.7618769454034
            ],
            [
                26.274785664212533,
                127.76364312552303
            ],
            [
                26.272674044024622,
                127.76132305459664
            ]
        ],
        "img_size(m)": [
            329.29209757659396,
            246.9928286482034
        ],
        "box_img_26.27451_127.7616.png": [
            [
                26.272674044024622,
                127.75955687447698
            ],
            [
                26.272674044024622,
                127.76364312552303
            ],
            [
                26.276345926932578,
                127.76364312552303
            ],
            [
                26.276345926932578,
                127.75955687447698
            ]
        ]
    },
    "26.27383_127.76093": {
        "center_point": [
            26.27383,
            127.76093
        ],
        "not_rotated_img_26.27383_127.76093.png": [
            [
                26.273554333517573,
                127.75888687447696
            ],
            [
                26.275665937689634,
                127.76120694540334
            ],
            [
                26.27410566582765,
                127.762973125523
            ],
            [
                26.27199403326808,
                127.76065305459662
            ]
        ],
        "img_size(m)": [
            329.2940060575502,
            246.99426028725725
        ],
        "box_img_26.27383_127.76093.png": [
            [
                26.27199403326808,
                127.75888687447696
            ],
            [
                26.27199403326808,
                127.762973125523
            ],
            [
                26.275665937689634,
                127.762973125523
            ],
            [
                26.275665937689634,
                127.75888687447696
            ]
        ]
    },
    "26.27316_127.76027": {
        "center_point": [
            26.27316,
            127.76027
        ],
        "not_rotated_img_26.27316_127.76027.png": [
            [
                26.272884331926242,
                127.75822687447697
            ],
            [
                26.274995948288247,
                127.76054694540338
            ],
            [
                26.273435667418966,
                127.76231312552301
            ],
            [
                26.271324022669962,
                127.7599930545966
            ]
        ],
        "img_size(m)": [
            329.2958864295336,
            246.99567083761914
        ],
        "box_img_26.27316_127.76027.png": [
            [
                26.271324022669962,
                127.75822687447697
            ],
            [
                26.271324022669962,
                127.76231312552301
            ],
            [
                26.274995948288247,
                127.76231312552301
            ],
            [
                26.274995948288247,
                127.75822687447697
            ]
        ]
    },
    "26.27248_127.7596": {
        "center_point": [
            26.27248,
            127.7596
        ],
        "not_rotated_img_26.27248_127.7596.png": [
            [
                26.272204330311233,
                127.75755687447696
            ],
            [
                26.27431595904483,
                127.75987694540338
            ],
            [
                26.272755669034066,
                127.76164312552301
            ],
            [
                26.270644011913987,
                127.75932305459662
            ]
        ],
        "img_size(m)": [
            329.29779482270175,
            246.9971024086251
        ],
        "box_img_26.27248_127.7596.png": [
            [
                26.270644011913987,
                127.75755687447696
            ],
            [
                26.270644011913987,
                127.76164312552301
            ],
            [
                26.27431595904483,
                127.76164312552301
            ],
            [
                26.27431595904483,
                127.75755687447696
            ]
        ]
    }
}